{
    "loss": 6.043344497680664,
    "accuracy": 0.7647058963775635
}